{
  "accuracy": 0.8423,
  "f1_score": 0.8121,
  "roc_auc": 0.776869346129572,
  "precision": 0.5040871934604905,
  "recall": 0.5346820809248555,
  "cv_mean": 0.8401,
  "cv_std": 0.007189884870040999,
  "train_size": 12000,
  "test_size": 3000
}